Name,Total Population,Total Households,Median Household Income (past 12 months),Same house 1 year ago,Geographical Mobility in past year,HH with Public assistance or Food Stamps/SNAP,Median Age,Per Capita Income,Total White alone,Total Black or African American alone,Total American Indian and Alaska Native alone,Total Asian alone,Total Native Hawaiian and Other Pacific Island alone,Some other race alone,Income in the past 12 months below Poverty Level,Two or more races,Median Yr Housing Blt,Median Yr HH moved into HH,Median Gross Rent ($),Median Value ($),Same house 1 year ago!!Below 100 percent of the poverty level,Same house 1 year ago!!100 to 149 percent of the poverty level,Same house 1 year ago!!At or above 150 percent of the poverty level,Same house 1 year ago (WHITE ALONE),Same house 1 year ago (BLACK OR AFRICAN AMERICAN ALONE),Same house 1 year ago (AMERICAN INDIAN AND ALASKA NATIVE ALONE),Same house 1 year ago (ASIAN ALONE),Same house 1 year ago (NATIVE HAWAIIAN AND OTHER PACIFIC ISLANDER ALONE),Same house 1 year ago (SOME OTHER RACE ALONE),Same house 1 year ago (TWO OR MORE RACES),B07004I_002E,MEANS OF TRANSPORTATION TO WORK total,"Total!!Car, truck, or van","Total!!Car, truck, or van!!Drove alone","Total!!Car, truck, or van!!Carpooled",Total!!Public transportation (excluding taxicab),Total!!Bicycle,Total!!Walked,Total!!Worked at home,Total!!Family households,Total!!Family households!!Married-couple family,Total!!Family households!!Other family,"Total!!Family households!!Other family!!Male householder, no wife present","Total!!Family households!!Other family!!Female householder, no husband present",Total!!Nonfamily households,Total!!Nonfamily households!!Householder living alone,Total!!Nonfamily households!!Householder not living alone,state,county,tract,Total!!Same house 1 year ago!!Less than high school graduate,Same house 1 year ago!!High school graduate (includes equivalency),Same house 1 year ago!!Some college or associate's degree,Same house 1 year ago!!Bachelor's degree,Same house 1 year ago!!Graduate or professional degree,Total!!Same house 1 year ago!!No income,Same house 1 year ago!!With income,"Same house 1 year ago!!With income!!$1 to $9,999 or loss","Same house 1 year ago!!With income!!$10,000 to $14,999","Same house 1 year ago!!With income!!$15,000 to $24,999","Same house 1 year ago!!With income!!$25,000 to $34,999","Same house 1 year ago!!With income!!$35,000 to $49,999","Same house 1 year ago!!With income!!$50,000 to $64,999","Same house 1 year ago!!With income!!$65,000 to $74,999","Same house 1 year ago!!With income!!$75,000 or more",Total!!With income,"Total!!With income!!$1 to $9,999 or loss","Total!!With income!!$10,000 to $14,999","Total!!With income!!$15,000 to $24,999","Total!!With income!!$25,000 to $34,999","Total!!With income!!$35,000 to $49,999","Total!!With income!!$50,000 to $64,999","Total!!With income!!$65,000 to $74,999","Total!!With income!!$75,000 or more",Total!!Below 100 percent of the poverty level,Total!!100 to 149 percent of the poverty level,Total!!At or above 150 percent of the poverty level,Same house 1 year ago!!1 to 4 years age,Same house 1 year ago!!5 to 17 years age,Same house 1 year ago!!18 and 19 years age,Same house 1 year ago!!20 to 24 years age,Same house 1 year ago!!25 to 29 years age,Same house 1 year ago!!30 to 34 yearsage,Same house 1 year ago!!35 to 39 years age,Same house 1 year ago!!40 to 44 years age,Same house 1 year ago!!45 to 49 years age,Same house 1 year ago!!50 to 54 years age,Same house 1 year ago!!55 to 59 years age,Same house 1 year ago!!60 to 64 years age,Same house 1 year ago!!65 to 69 years age,Same house 1 year ago!!70 to 74 years age,Same house 1 year ago!!75 years and over age,Total!!1 to 4 years,Total!!5 to 17 years,Total!!18 and 19 years,Total!!20 to 24 years,Total!!25 to 29 years,Total!!30 to 34 years,Total!!35 to 39 years,Total!!40 to 44 years,Total!!45 to 49 years,Total!!50 to 54 years,Total!!55 to 59 years,Total!!60 to 64 years,Total!!65 to 69 years,Total!!70 to 74 years,Total!!75 years and over,Total Male,Total Female,Gini Index of Inequality,year
"Census Tract 111, District of Columbia, District of Columbia",4299.0,1641.0,59765.078584589995,4062.0,4271.0,279.0,47.0,31398.989220429998,268.0,3688.0,0.0,11.0,0.0,172.0,444.0,160.0,1941,1993,818.0,353700.0,361.0,331.0,3094.0,225.0,3507.0,0.0,11.0,0.0,172.0,147.0,248.0,1701.0,1238.0,1048.0,190.0,322.0,0.0,77.0,18.0,850.0,405.0,445.0,94.0,351.0,791.0,745.0,46.0,11,001,011100,506.0,1074.0,872.0,454.0,216.0,391.0,3128.0,679.0,326.0,477.0,212.0,469.0,345.0,167.0,453.0,418.0,736.0,364.0,499.0,224.0,485.0,356.0,175.0,466.0,429.0,356.0,3181.0,109.0,549.0,8.0,274.0,147.0,321.0,246.0,210.0,314.0,322.0,417.0,219.0,74.0,150.0,702.0,109.0,554.0,8.0,296.0,179.0,321.0,253.0,218.0,346.0,352.0,424.0,252.0,89.0,150.0,720.0,1971.0,2328.0,0.425,2010
"Census Tract 111, District of Columbia, District of Columbia",4655.0,1651.0,65071.843552039994,4400.0,4643.0,278.0,45.3,33081.17433117,448.0,3843.0,0.0,0.0,0.0,203.0,578.0,161.0,1943.0,1996.0,811.0,355100.0,455.0,303.0,3383.0,381.0,3670.0,0.0,0.0,0.0,203.0,146.0,289.0,1849.0,1333.0,1166.0,167.0,372.0,5.0,77.0,16.0,886.0,459.0,427.0,70.0,357.0,765.0,690.0,75.0,11,001,011100,552.0,998.0,911.0,585.0,213.0,383.0,3283.0,717.0,328.0,433.0,213.0,522.0,341.0,171.0,558.0,432.0,771.0,366.0,462.0,219.0,537.0,347.0,178.0,585.0,566.0,325.0,3460.0,224.0,636.0,16.0,265.0,146.0,376.0,245.0,250.0,306.0,293.0,537.0,229.0,125.0,154.0,598.0,224.0,650.0,16.0,292.0,179.0,376.0,275.0,257.0,328.0,316.0,544.0,293.0,129.0,158.0,606.0,2122.0,2533.0,0.4296,2011
"Census Tract 111, District of Columbia, District of Columbia",4811.0,1662.0,63512.74515672,4508.0,4801.0,301.0,43.4,31425.98192118,406.0,4083.0,0.0,8.0,0.0,164.0,615.0,150.0,1943.0,1999.0,821.0,343700.0,447.0,462.0,3351.0,338.0,3861.0,0.0,8.0,0.0,153.0,148.0,240.0,1765.0,1206.0,1028.0,178.0,424.0,5.0,77.0,2.0,843.0,399.0,444.0,66.0,378.0,819.0,737.0,82.0,11,001,011100,520.0,1044.0,983.0,601.0,163.0,380.0,3354.0,788.0,342.0,440.0,271.0,447.0,338.0,129.0,599.0,436.0,889.0,389.0,462.0,277.0,450.0,351.0,129.0,627.0,605.0,489.0,3431.0,279.0,642.0,24.0,252.0,208.0,452.0,224.0,190.0,236.0,349.0,513.0,288.0,148.0,139.0,564.0,279.0,661.0,24.0,306.0,234.0,463.0,266.0,201.0,255.0,381.0,549.0,311.0,148.0,154.0,569.0,2253.0,2558.0,0.4429,2012
"Census Tract 111, District of Columbia, District of Columbia",4702.0,1615.0,59500.550117239996,4327.0,4702.0,327.0,45.8,30699.33841699,560.0,3899.0,0.0,6.0,0.0,194.0,807.0,43.0,1943.0,1999.0,873.0,336400.0,605.0,396.0,3059.0,465.0,3641.0,0.0,6.0,0.0,183.0,32.0,327.0,1792.0,1230.0,1047.0,183.0,491.0,24.0,44.0,3.0,764.0,391.0,373.0,63.0,310.0,851.0,731.0,120.0,11,001,011100,548.0,891.0,961.0,579.0,210.0,430.0,3233.0,786.0,340.0,453.0,315.0,364.0,313.0,108.0,554.0,506.0,911.0,406.0,472.0,337.0,368.0,332.0,108.0,578.0,807.0,420.0,3179.0,248.0,554.0,64.0,272.0,169.0,417.0,180.0,202.0,182.0,417.0,449.0,308.0,154.0,140.0,571.0,248.0,577.0,64.0,336.0,221.0,428.0,225.0,206.0,217.0,458.0,501.0,335.0,159.0,149.0,578.0,2322.0,2380.0,0.4747,2013
"Census Tract 111, District of Columbia, District of Columbia",5083.0,1666.0,58833.0,4538.0,5052.0,324.0,42.0,30272.0,570.0,4339.0,0.0,4.0,0.0,90.0,870.0,80.0,1944.0,2001.0,887.0,341700.0,620.0,426.0,3277.0,472.0,3909.0,0.0,4.0,0.0,82.0,71.0,228.0,1934.0,1321.0,1139.0,182.0,511.0,24.0,49.0,29.0,830.0,404.0,426.0,56.0,370.0,836.0,728.0,108.0,11,001,011100,562.0,841.0,948.0,656.0,286.0,408.0,3325.0,790.0,312.0,526.0,309.0,314.0,261.0,109.0,704.0,494.0,944.0,406.0,556.0,324.0,339.0,284.0,109.0,763.0,870.0,458.0,3480.0,354.0,552.0,57.0,282.0,227.0,416.0,246.0,245.0,197.0,356.0,422.0,295.0,192.0,168.0,529.0,363.0,577.0,58.0,349.0,281.0,425.0,340.0,249.0,254.0,410.0,491.0,330.0,195.0,179.0,551.0,2435.0,2648.0,0.4766,2014
"Census Tract 111, District of Columbia, District of Columbia",5490.0,1734.0,68750.0,4862.0,5457.0,314.0,41.7,30431.0,660.0,4737.0,0.0,13.0,0.0,14.0,1086.0,66.0,1945.0,2003.0,1060.0,345100.0,850.0,373.0,3441.0,582.0,4201.0,0.0,13.0,0.0,7.0,59.0,297.0,2171.0,1395.0,1264.0,131.0,591.0,21.0,112.0,38.0,903.0,382.0,521.0,88.0,433.0,831.0,735.0,96.0,11,001,011100,610.0,784.0,880.0,825.0,378.0,422.0,3557.0,942.0,304.0,529.0,346.0,255.0,353.0,129.0,699.0,543.0,1078.0,371.0,582.0,379.0,278.0,390.0,132.0,771.0,1086.0,402.0,3725.0,356.0,668.0,98.0,263.0,299.0,344.0,303.0,315.0,215.0,329.0,581.0,216.0,247.0,188.0,440.0,367.0,711.0,99.0,319.0,355.0,352.0,390.0,328.0,300.0,355.0,700.0,252.0,256.0,200.0,473.0,2550.0,2940.0,0.4567,2015
"Census Tract 111, District of Columbia, District of Columbia",5525.0,1723.0,59716.0,4790.0,5420.0,281.0,42.2,28373.0,562.0,4681.0,11.0,144.0,0.0,17.0,960.0,110.0,1944.0,2003.0,1212.0,385100.0,744.0,581.0,3281.0,477.0,4045.0,11.0,144.0,0.0,10.0,103.0,119.0,1969.0,1249.0,1039.0,210.0,568.0,20.0,55.0,54.0,980.0,457.0,523.0,71.0,452.0,743.0,665.0,78.0,11,001,011100,637.0,757.0,986.0,680.0,479.0,482.0,3451.0,873.0,302.0,603.0,313.0,213.0,391.0,131.0,625.0,572.0,1051.0,375.0,672.0,348.0,241.0,439.0,136.0,681.0,960.0,617.0,3595.0,280.0,665.0,51.0,255.0,387.0,321.0,261.0,273.0,292.0,317.0,372.0,341.0,257.0,226.0,492.0,289.0,708.0,57.0,341.0,477.0,329.0,335.0,290.0,386.0,344.0,448.0,368.0,268.0,237.0,543.0,2667.0,2858.0,0.4792,2016
"Census Tract 111, District of Columbia, District of Columbia",5548.0,1733.0,75781.0,4830.0,5456.0,277.0,42.4,32393.0,640.0,4633.0,8.0,47.0,0.0,8.0,1123.0,212.0,1944.0,2004.0,1274.0,427300.0,917.0,463.0,3287.0,498.0,4065.0,8.0,47.0,0.0,8.0,204.0,433.0,2225.0,1306.0,1063.0,243.0,617.0,22.0,97.0,168.0,986.0,481.0,505.0,93.0,412.0,747.0,646.0,101.0,11,001,011100,513.0,574.0,1130.0,834.0,645.0,497.0,3566.0,951.0,271.0,552.0,338.0,179.0,289.0,251.0,735.0,611.0,1105.0,328.0,606.0,384.0,200.0,321.0,264.0,825.0,1123.0,485.0,3604.0,274.0,555.0,97.0,208.0,442.0,321.0,339.0,264.0,272.0,298.0,450.0,320.0,284.0,251.0,455.0,286.0,593.0,106.0,269.0,516.0,344.0,424.0,278.0,350.0,317.0,537.0,350.0,295.0,269.0,522.0,2760.0,2788.0,0.4723,2017
"Census Tract 111, District of Columbia, District of Columbia",5571.0,1741.0,79628.0,4858.0,5473.0,191.0,41.0,36411.0,659.0,4569.0,10.0,80.0,0.0,8.0,822.0,245.0,1945.0,2005.0,1271.0,461700.0,666.0,367.0,3685.0,501.0,4022.0,10.0,72.0,0.0,8.0,245.0,487.0,2441.0,1469.0,1132.0,337.0,637.0,8.0,59.0,251.0,1047.0,596.0,451.0,52.0,399.0,694.0,624.0,70.0,11,001,011100,466.0,518.0,1160.0,829.0,811.0,522.0,3570.0,733.0,314.0,501.0,365.0,213.0,302.0,351.0,791.0,589.0,889.0,362.0,543.0,415.0,240.0,319.0,368.0,927.0,822.0,375.0,4050.0,288.0,511.0,51.0,224.0,529.0,302.0,425.0,185.0,393.0,268.0,338.0,336.0,291.0,254.0,463.0,300.0,560.0,59.0,271.0,578.0,349.0,548.0,202.0,469.0,289.0,374.0,360.0,299.0,273.0,542.0,2809.0,2762.0,0.4779,2018
"Census Tract 21.02, District of Columbia, District of Columbia",4331.0,1959.0,45911.34485166,3446.0,4214.0,254.0,39.2,28755.86396299,174.0,3209.0,0.0,106.0,0.0,798.0,526.0,44.0,1944,2001,938.0,384700.0,337.0,241.0,2868.0,99.0,2580.0,0.0,106.0,0.0,634.0,27.0,747.0,2016.0,1159.0,1047.0,112.0,761.0,0.0,47.0,11.0,879.0,416.0,463.0,43.0,420.0,1080.0,992.0,88.0,11,001,002102,492.0,634.0,714.0,465.0,249.0,297.0,2712.0,454.0,185.0,439.0,647.0,371.0,299.0,30.0,287.0,390.0,533.0,185.0,508.0,719.0,492.0,309.0,83.0,353.0,526.0,318.0,3353.0,154.0,305.0,50.0,383.0,384.0,117.0,153.0,95.0,185.0,358.0,310.0,167.0,88.0,261.0,436.0,248.0,416.0,83.0,419.0,462.0,251.0,191.0,157.0,260.0,413.0,323.0,196.0,98.0,261.0,436.0,1686.0,2645.0,0.401,2010
"Census Tract 21.02, District of Columbia, District of Columbia",5064.0,1996.0,48636.527919379994,3953.0,4960.0,311.0,33.2,27148.17870632,529.0,3353.0,8.0,67.0,0.0,980.0,795.0,127.0,1943.0,2002.0,959.0,374900.0,529.0,287.0,3137.0,327.0,2754.0,8.0,67.0,0.0,783.0,14.0,907.0,2414.0,1416.0,1229.0,187.0,934.0,0.0,6.0,34.0,983.0,399.0,584.0,87.0,497.0,1013.0,855.0,158.0,11,001,002102,484.0,644.0,770.0,533.0,242.0,478.0,2827.0,505.0,167.0,428.0,644.0,409.0,288.0,95.0,291.0,589.0,619.0,177.0,515.0,725.0,572.0,393.0,201.0,291.0,795.0,366.0,3752.0,235.0,539.0,95.0,411.0,415.0,295.0,194.0,113.0,198.0,367.0,360.0,64.0,139.0,143.0,385.0,307.0,697.0,132.0,460.0,530.0,471.0,242.0,192.0,359.0,420.0,375.0,100.0,147.0,143.0,385.0,2128.0,2936.0,0.4085,2011
"Census Tract 21.02, District of Columbia, District of Columbia",4816.0,2046.0,49002.54894155,3775.0,4746.0,379.0,36.5,30829.98308862,410.0,3053.0,9.0,77.0,0.0,1200.0,919.0,67.0,1942.0,2002.0,944.0,373700.0,566.0,287.0,2922.0,272.0,2508.0,9.0,77.0,0.0,875.0,34.0,983.0,2462.0,1398.0,1262.0,136.0,963.0,11.0,36.0,20.0,972.0,315.0,657.0,108.0,549.0,1074.0,937.0,137.0,11,001,002102,474.0,661.0,662.0,576.0,351.0,451.0,2857.0,457.0,192.0,377.0,539.0,504.0,312.0,123.0,353.0,543.0,602.0,201.0,417.0,680.0,649.0,351.0,186.0,368.0,919.0,364.0,3436.0,152.0,429.0,87.0,383.0,447.0,195.0,179.0,192.0,253.0,366.0,384.0,53.0,175.0,126.0,354.0,225.0,639.0,124.0,432.0,544.0,295.0,263.0,271.0,380.0,434.0,392.0,77.0,190.0,126.0,354.0,1978.0,2838.0,0.4384,2012
"Census Tract 21.02, District of Columbia, District of Columbia",4901.0,2061.0,54138.72004026,3980.0,4824.0,363.0,35.2,34221.34601085,444.0,3131.0,8.0,35.0,0.0,1208.0,926.0,75.0,1939.0,2003.0,969.0,366300.0,584.0,354.0,3042.0,276.0,2619.0,8.0,35.0,0.0,1003.0,39.0,1122.0,2461.0,1429.0,1280.0,149.0,951.0,10.0,46.0,10.0,966.0,250.0,716.0,133.0,583.0,1095.0,922.0,173.0,11,001,002102,460.0,714.0,601.0,794.0,343.0,506.0,2955.0,460.0,162.0,331.0,607.0,497.0,313.0,175.0,410.0,582.0,591.0,171.0,339.0,657.0,655.0,363.0,189.0,496.0,926.0,362.0,3505.0,169.0,469.0,100.0,330.0,509.0,248.0,207.0,296.0,256.0,301.0,393.0,138.0,168.0,123.0,273.0,272.0,631.0,133.0,383.0,604.0,332.0,285.0,346.0,383.0,327.0,401.0,146.0,175.0,123.0,283.0,2122.0,2779.0,0.4611,2013
"Census Tract 21.02, District of Columbia, District of Columbia",4968.0,2055.0,51555.0,4118.0,4932.0,319.0,35.8,32499.0,485.0,3250.0,11.0,0.0,0.0,1140.0,1136.0,82.0,1939.0,2004.0,976.0,380400.0,802.0,366.0,2949.0,289.0,2784.0,11.0,0.0,0.0,990.0,44.0,1108.0,2325.0,1325.0,1212.0,113.0,902.0,23.0,46.0,17.0,967.0,279.0,688.0,156.0,532.0,1088.0,881.0,207.0,11,001,002102,276.0,838.0,644.0,658.0,560.0,616.0,2933.0,569.0,202.0,320.0,409.0,370.0,331.0,182.0,550.0,691.0,695.0,212.0,337.0,465.0,482.0,379.0,199.0,644.0,1136.0,374.0,3388.0,119.0,608.0,127.0,288.0,455.0,274.0,228.0,287.0,302.0,351.0,333.0,209.0,156.0,146.0,235.0,228.0,761.0,160.0,339.0,567.0,332.0,296.0,327.0,420.0,382.0,340.0,217.0,164.0,146.0,253.0,2219.0,2749.0,0.4899,2014
"Census Tract 21.02, District of Columbia, District of Columbia",4921.0,2139.0,65387.0,4124.0,4846.0,383.0,40.5,38372.0,551.0,3568.0,42.0,0.0,0.0,629.0,881.0,131.0,1939.0,2005.0,892.0,395300.0,709.0,103.0,3310.0,355.0,3167.0,17.0,0.0,0.0,480.0,105.0,566.0,2449.0,1475.0,1323.0,152.0,822.0,43.0,60.0,16.0,1012.0,297.0,715.0,153.0,562.0,1127.0,938.0,189.0,11,001,002102,224.0,828.0,817.0,737.0,654.0,493.0,3247.0,602.0,148.0,438.0,354.0,388.0,352.0,219.0,746.0,524.0,667.0,158.0,458.0,481.0,495.0,397.0,237.0,841.0,881.0,113.0,3818.0,55.0,520.0,68.0,221.0,396.0,323.0,235.0,377.0,357.0,415.0,325.0,246.0,170.0,155.0,261.0,144.0,638.0,68.0,239.0,504.0,434.0,321.0,408.0,410.0,448.0,373.0,246.0,177.0,155.0,281.0,2336.0,2585.0,0.4606,2015
"Census Tract 21.02, District of Columbia, District of Columbia",5076.0,2116.0,71528.0,4227.0,5020.0,314.0,41.8,42658.0,565.0,3586.0,57.0,34.0,0.0,728.0,705.0,106.0,1939.0,2007.0,1050.0,432700.0,591.0,77.0,3542.0,406.0,3116.0,33.0,7.0,0.0,559.0,106.0,652.0,2728.0,1711.0,1539.0,172.0,814.0,44.0,82.0,27.0,1035.0,414.0,621.0,175.0,446.0,1081.0,861.0,220.0,11,001,002102,340.0,813.0,669.0,843.0,739.0,420.0,3408.0,601.0,157.0,427.0,346.0,349.0,479.0,228.0,821.0,474.0,644.0,157.0,436.0,472.0,429.0,556.0,277.0,939.0,705.0,77.0,4175.0,33.0,496.0,35.0,259.0,354.0,325.0,188.0,448.0,485.0,404.0,324.0,268.0,155.0,165.0,288.0,125.0,689.0,39.0,268.0,443.0,443.0,269.0,509.0,559.0,407.0,368.0,268.0,162.0,165.0,306.0,2607.0,2469.0,0.4569,2016
"Census Tract 21.02, District of Columbia, District of Columbia",5264.0,2077.0,76836.0,4416.0,5216.0,308.0,41.0,41366.0,673.0,3795.0,82.0,38.0,0.0,582.0,689.0,94.0,1939.0,2007.0,1111.0,453200.0,659.0,91.0,3644.0,490.0,3242.0,46.0,8.0,0.0,536.0,94.0,716.0,2761.0,1783.0,1600.0,183.0,726.0,61.0,107.0,33.0,1050.0,480.0,570.0,151.0,419.0,1027.0,804.0,223.0,11,001,002102,415.0,707.0,774.0,897.0,776.0,443.0,3515.0,631.0,203.0,513.0,338.0,385.0,322.0,347.0,776.0,501.0,646.0,203.0,534.0,454.0,485.0,404.0,392.0,928.0,689.0,91.0,4349.0,73.0,516.0,28.0,230.0,401.0,372.0,172.0,494.0,472.0,333.0,331.0,326.0,128.0,183.0,357.0,190.0,658.0,31.0,265.0,526.0,530.0,228.0,559.0,502.0,340.0,370.0,326.0,128.0,183.0,380.0,2655.0,2609.0,0.4527,2017
"Census Tract 21.02, District of Columbia, District of Columbia",5223.0,1968.0,83167.0,4541.0,5171.0,318.0,40.6,40632.0,824.0,3449.0,98.0,40.0,0.0,648.0,861.0,164.0,0.0,2007.0,1177.0,501700.0,825.0,125.0,3567.0,624.0,3090.0,58.0,10.0,0.0,595.0,164.0,851.0,2553.0,1535.0,1346.0,189.0,724.0,87.0,100.0,51.0,1083.0,626.0,457.0,105.0,352.0,885.0,708.0,177.0,11,001,002102,450.0,569.0,731.0,808.0,939.0,526.0,3426.0,633.0,237.0,463.0,271.0,322.0,368.0,205.0,927.0,579.0,671.0,237.0,487.0,376.0,355.0,455.0,253.0,1064.0,861.0,125.0,4123.0,176.0,603.0,62.0,203.0,286.0,382.0,265.0,470.0,452.0,289.0,309.0,260.0,192.0,165.0,427.0,227.0,710.0,67.0,232.0,349.0,537.0,304.0,541.0,484.0,297.0,350.0,260.0,192.0,165.0,456.0,2525.0,2698.0,0.468,2018
"Census Tract 73.01, District of Columbia, District of Columbia",2664.0,769.0,69987.75421263,1349.0,2542.0,11.0,24.9,23775.170820599997,1718.0,561.0,0.0,121.0,0.0,145.0,35.0,119.0,1993,2005+,2001.0,-666666666.0,0.0,259.0,926.0,830.0,327.0,0.0,64.0,0.0,96.0,32.0,250.0,1187.0,835.0,754.0,81.0,65.0,16.0,131.0,111.0,734.0,648.0,86.0,9.0,77.0,35.0,25.0,10.0,11,001,007301,8.0,157.0,219.0,182.0,110.0,168.0,763.0,71.0,46.0,108.0,176.0,166.0,81.0,31.0,84.0,254.0,188.0,86.0,182.0,288.0,322.0,185.0,69.0,158.0,35.0,287.0,2012.0,140.0,299.0,42.0,192.0,243.0,87.0,140.0,120.0,51.0,24.0,0.0,0.0,0.0,0.0,11.0,382.0,464.0,76.0,296.0,566.0,156.0,290.0,178.0,63.0,53.0,7.0,0.0,0.0,0.0,11.0,1495.0,1169.0,0.28,2010
"Census Tract 73.01, District of Columbia, District of Columbia",2842.0,676.0,72329.64092969999,1773.0,2758.0,6.0,23.2,24700.48060231,1863.0,632.0,14.0,117.0,0.0,132.0,44.0,84.0,1993.0,2005.0,2001.0,-666666666.0,0.0,286.0,1074.0,1145.0,402.0,14.0,78.0,0.0,85.0,49.0,243.0,1544.0,890.0,747.0,143.0,81.0,16.0,219.0,325.0,626.0,571.0,55.0,9.0,46.0,50.0,23.0,27.0,11,001,007301,0.0,189.0,322.0,193.0,140.0,179.0,1096.0,79.0,110.0,156.0,279.0,194.0,112.0,36.0,130.0,268.0,183.0,172.0,287.0,380.0,325.0,174.0,90.0,158.0,44.0,313.0,1714.0,218.0,291.0,39.0,381.0,311.0,126.0,126.0,145.0,57.0,68.0,0.0,0.0,0.0,0.0,11.0,320.0,425.0,139.0,667.0,480.0,183.0,199.0,159.0,73.0,102.0,0.0,0.0,0.0,0.0,11.0,1747.0,1095.0,0.276,2011
"Census Tract 73.01, District of Columbia, District of Columbia",3170.0,708.0,71530.6569875,1981.0,3031.0,12.0,22.7,26954.910968949996,2202.0,547.0,24.0,100.0,0.0,201.0,48.0,96.0,1990.0,2008.0,2001.0,-666666666.0,45.0,250.0,1228.0,1399.0,290.0,24.0,58.0,0.0,160.0,50.0,213.0,1682.0,999.0,867.0,132.0,19.0,16.0,277.0,355.0,655.0,553.0,102.0,35.0,67.0,53.0,24.0,29.0,11,001,007301,0.0,133.0,407.0,250.0,129.0,254.0,1133.0,62.0,136.0,147.0,282.0,132.0,143.0,35.0,196.0,316.0,190.0,186.0,284.0,436.0,237.0,268.0,59.0,246.0,45.0,348.0,1845.0,291.0,347.0,26.0,398.0,361.0,172.0,116.0,111.0,62.0,84.0,0.0,0.0,0.0,0.0,13.0,412.0,457.0,139.0,718.0,564.0,212.0,181.0,142.0,89.0,104.0,0.0,0.0,0.0,0.0,13.0,1945.0,1225.0,0.3649,2012
"Census Tract 73.01, District of Columbia, District of Columbia",3282.0,775.0,78418.11451087,2184.0,3128.0,9.0,23.0,27129.823669809997,2380.0,622.0,13.0,56.0,0.0,133.0,75.0,78.0,1994.0,2011.0,2001.0,-666666666.0,71.0,212.0,1408.0,1680.0,309.0,13.0,16.0,0.0,118.0,48.0,272.0,1638.0,921.0,865.0,56.0,36.0,18.0,273.0,390.0,708.0,643.0,65.0,11.0,54.0,67.0,37.0,30.0,11,001,007301,0.0,95.0,471.0,250.0,205.0,275.0,1236.0,75.0,45.0,215.0,331.0,171.0,102.0,21.0,276.0,377.0,142.0,72.0,305.0,484.0,247.0,253.0,34.0,303.0,71.0,303.0,2101.0,337.0,361.0,102.0,363.0,302.0,225.0,105.0,149.0,123.0,87.0,15.0,0.0,0.0,0.0,15.0,465.0,488.0,152.0,634.0,479.0,253.0,209.0,182.0,149.0,87.0,15.0,0.0,0.0,0.0,15.0,1955.0,1327.0,0.3757,2013
"Census Tract 73.01, District of Columbia, District of Columbia",3602.0,852.0,66094.0,2408.0,3393.0,10.0,21.9,24671.0,2410.0,898.0,14.0,57.0,0.0,163.0,92.0,60.0,1995.0,2011.0,2001.0,-666666666.0,87.0,201.0,1590.0,1629.0,545.0,14.0,29.0,0.0,159.0,32.0,249.0,1780.0,975.0,904.0,71.0,46.0,79.0,276.0,404.0,771.0,699.0,72.0,19.0,53.0,81.0,53.0,28.0,11,001,007301,0.0,53.0,488.0,229.0,283.0,256.0,1360.0,68.0,76.0,237.0,363.0,223.0,98.0,29.0,266.0,370.0,126.0,107.0,319.0,513.0,317.0,198.0,45.0,330.0,87.0,293.0,2346.0,432.0,384.0,117.0,422.0,315.0,303.0,96.0,129.0,89.0,59.0,47.0,0.0,0.0,0.0,15.0,592.0,517.0,164.0,642.0,479.0,363.0,207.0,161.0,118.0,59.0,47.0,29.0,0.0,0.0,15.0,2088.0,1514.0,0.3888,2014
"Census Tract 73.01, District of Columbia, District of Columbia",4002.0,1037.0,75625.0,2528.0,3821.0,29.0,23.0,28639.0,2674.0,974.0,13.0,78.0,0.0,138.0,90.0,125.0,1997.0,2013.0,2408.0,-666666666.0,77.0,197.0,1781.0,1599.0,681.0,13.0,40.0,0.0,138.0,57.0,282.0,2106.0,1315.0,1101.0,214.0,53.0,86.0,473.0,179.0,912.0,844.0,68.0,18.0,50.0,125.0,92.0,33.0,11,001,007301,0.0,42.0,492.0,276.0,403.0,257.0,1473.0,84.0,89.0,355.0,239.0,208.0,134.0,46.0,318.0,363.0,193.0,127.0,531.0,371.0,310.0,259.0,49.0,464.0,86.0,275.0,2763.0,437.0,390.0,0.0,488.0,339.0,339.0,121.0,173.0,53.0,86.0,72.0,30.0,0.0,0.0,0.0,601.0,599.0,120.0,739.0,477.0,471.0,215.0,222.0,96.0,86.0,113.0,58.0,0.0,24.0,0.0,2249.0,1753.0,0.3911,2015
"Census Tract 73.01, District of Columbia, District of Columbia",4680.0,1211.0,76734.0,2914.0,4374.0,26.0,22.8,28914.0,3062.0,1176.0,12.0,110.0,0.0,160.0,143.0,160.0,1997.0,-666666666.0,2481.0,-666666666.0,73.0,196.0,2173.0,1766.0,847.0,12.0,87.0,0.0,160.0,42.0,315.0,2352.0,1467.0,1238.0,229.0,47.0,139.0,512.0,168.0,1091.0,1023.0,68.0,21.0,47.0,120.0,111.0,9.0,11,001,007301,0.0,36.0,580.0,334.0,467.0,256.0,1694.0,106.0,120.0,411.0,245.0,214.0,186.0,39.0,373.0,365.0,270.0,176.0,602.0,370.0,300.0,275.0,52.0,595.0,129.0,264.0,3273.0,504.0,492.0,0.0,501.0,387.0,347.0,178.0,198.0,79.0,74.0,130.0,24.0,0.0,0.0,0.0,709.0,708.0,107.0,771.0,514.0,501.0,294.0,259.0,142.0,99.0,191.0,59.0,0.0,20.0,0.0,2676.0,2004.0,0.379,2016
"Census Tract 73.01, District of Columbia, District of Columbia",4606.0,1194.0,84009.0,2778.0,4380.0,29.0,23.6,29841.0,2922.0,1197.0,6.0,109.0,0.0,89.0,174.0,283.0,1997.0,-666666666.0,2465.0,-666666666.0,92.0,145.0,2152.0,1614.0,911.0,0.0,85.0,0.0,83.0,85.0,454.0,2372.0,1736.0,1408.0,328.0,48.0,126.0,299.0,136.0,1058.0,1008.0,50.0,10.0,40.0,136.0,100.0,36.0,11,001,007301,0.0,42.0,534.0,301.0,472.0,194.0,1560.0,123.0,69.0,322.0,236.0,196.0,174.0,50.0,390.0,323.0,293.0,123.0,563.0,369.0,327.0,280.0,67.0,629.0,164.0,221.0,3337.0,540.0,484.0,0.0,405.0,317.0,406.0,164.0,153.0,80.0,69.0,128.0,22.0,10.0,0.0,0.0,746.0,676.0,139.0,658.0,522.0,611.0,304.0,224.0,141.0,91.0,182.0,57.0,10.0,19.0,0.0,2468.0,2138.0,0.3514,2017
"Census Tract 73.01, District of Columbia, District of Columbia",4746.0,1280.0,88015.0,2806.0,4506.0,30.0,24.0,31918.0,2898.0,1329.0,6.0,113.0,0.0,98.0,226.0,302.0,1997.0,2015.0,2548.0,-666666666.0,124.0,132.0,2223.0,1543.0,974.0,0.0,92.0,0.0,93.0,104.0,444.0,2403.0,1857.0,1519.0,338.0,52.0,117.0,278.0,72.0,1125.0,1019.0,106.0,49.0,57.0,155.0,120.0,35.0,11,001,007301,0.0,37.0,537.0,360.0,465.0,237.0,1551.0,130.0,78.0,248.0,228.0,163.0,174.0,34.0,496.0,344.0,332.0,123.0,448.0,365.0,330.0,277.0,55.0,750.0,213.0,208.0,3519.0,552.0,517.0,0.0,338.0,339.0,385.0,222.0,134.0,88.0,61.0,135.0,24.0,11.0,0.0,0.0,783.0,750.0,120.0,580.0,566.0,619.0,342.0,230.0,148.0,85.0,191.0,60.0,11.0,21.0,0.0,2561.0,2185.0,0.3386,2018
"Census Tract 74.01, District of Columbia, District of Columbia",2242.0,789.0,20771.423081139998,1960.0,2162.0,503.0,23.6,10875.898986189999,125.0,2106.0,0.0,0.0,0.0,0.0,1255.0,11.0,1954,2001,384.0,246400.0,1146.0,181.0,583.0,107.0,1842.0,0.0,0.0,0.0,0.0,11.0,60.0,401.0,157.0,148.0,9.0,230.0,0.0,0.0,0.0,544.0,67.0,477.0,35.0,442.0,245.0,208.0,37.0,11,001,007401,386.0,395.0,125.0,93.0,19.0,423.0,977.0,437.0,54.0,199.0,24.0,179.0,60.0,0.0,24.0,423.0,510.0,65.0,199.0,73.0,179.0,60.0,0.0,24.0,1175.0,181.0,756.0,142.0,610.0,95.0,95.0,160.0,106.0,55.0,209.0,63.0,161.0,87.0,25.0,62.0,32.0,58.0,188.0,656.0,95.0,132.0,160.0,106.0,69.0,209.0,85.0,187.0,87.0,25.0,73.0,32.0,58.0,990.0,1252.0,0.52,2010
"Census Tract 74.01, District of Columbia, District of Columbia",2124.0,844.0,17275.32848,1743.0,2092.0,578.0,28.4,12294.63533761,53.0,2071.0,0.0,0.0,0.0,0.0,1015.0,0.0,1954.0,2002.0,330.0,258800.0,817.0,296.0,620.0,36.0,1707.0,0.0,0.0,0.0,0.0,0.0,36.0,400.0,189.0,175.0,14.0,192.0,5.0,0.0,0.0,485.0,53.0,432.0,56.0,376.0,359.0,321.0,38.0,11,001,007401,399.0,448.0,131.0,81.0,19.0,398.0,1030.0,473.0,95.0,159.0,37.0,167.0,86.0,0.0,13.0,434.0,578.0,112.0,164.0,87.0,167.0,91.0,0.0,13.0,983.0,306.0,793.0,127.0,343.0,106.0,89.0,181.0,98.0,51.0,230.0,80.0,177.0,113.0,11.0,49.0,37.0,51.0,206.0,420.0,106.0,139.0,181.0,116.0,64.0,230.0,104.0,235.0,133.0,16.0,49.0,37.0,56.0,985.0,1139.0,0.5704,2011
"Census Tract 74.01, District of Columbia, District of Columbia",2327.0,841.0,14824.391251899999,1879.0,2260.0,623.0,26.4,11242.999716389999,82.0,2239.0,0.0,6.0,0.0,0.0,1227.0,0.0,1955.0,2004.0,393.0,262000.0,978.0,368.0,521.0,59.0,1814.0,0.0,6.0,0.0,0.0,0.0,84.0,417.0,193.0,171.0,22.0,183.0,5.0,6.0,16.0,525.0,50.0,475.0,85.0,390.0,316.0,280.0,36.0,11,001,007401,344.0,437.0,174.0,62.0,19.0,299.0,1124.0,604.0,103.0,132.0,62.0,93.0,98.0,5.0,27.0,336.0,710.0,135.0,141.0,109.0,93.0,103.0,5.0,27.0,1160.0,392.0,696.0,166.0,480.0,75.0,122.0,211.0,139.0,67.0,152.0,63.0,195.0,49.0,17.0,40.0,55.0,48.0,240.0,574.0,75.0,172.0,211.0,164.0,94.0,152.0,94.0,246.0,69.0,21.0,40.0,55.0,53.0,1051.0,1276.0,0.5706,2012
"Census Tract 74.01, District of Columbia, District of Columbia",2524.0,909.0,16619.94570579,2078.0,2448.0,669.0,25.3,10873.73957013,59.0,2460.0,0.0,5.0,0.0,0.0,1440.0,0.0,1953.0,2006.0,458.0,251400.0,1132.0,439.0,498.0,39.0,2034.0,0.0,5.0,0.0,0.0,0.0,83.0,485.0,177.0,155.0,22.0,267.0,5.0,5.0,19.0,560.0,40.0,520.0,96.0,424.0,349.0,312.0,37.0,11,001,007401,364.0,437.0,213.0,66.0,18.0,346.0,1169.0,561.0,119.0,183.0,101.0,83.0,74.0,22.0,26.0,434.0,653.0,138.0,225.0,125.0,89.0,79.0,22.0,26.0,1378.0,480.0,581.0,199.0,560.0,79.0,142.0,238.0,147.0,100.0,98.0,52.0,197.0,86.0,28.0,48.0,55.0,49.0,245.0,627.0,107.0,196.0,238.0,173.0,136.0,98.0,64.0,259.0,104.0,35.0,57.0,55.0,54.0,1170.0,1354.0,0.5512,2013
"Census Tract 74.01, District of Columbia, District of Columbia",2448.0,899.0,14813.0,2019.0,2360.0,685.0,24.5,9266.0,4.0,2433.0,0.0,11.0,0.0,0.0,1468.0,0.0,1949.0,2009.0,460.0,287500.0,1131.0,416.0,466.0,0.0,2008.0,0.0,11.0,0.0,0.0,0.0,40.0,472.0,138.0,113.0,25.0,303.0,4.0,10.0,17.0,521.0,19.0,502.0,91.0,411.0,378.0,344.0,34.0,11,001,007401,325.0,449.0,189.0,50.0,35.0,251.0,1138.0,589.0,103.0,161.0,131.0,77.0,47.0,0.0,30.0,356.0,643.0,124.0,213.0,131.0,86.0,51.0,0.0,30.0,1393.0,463.0,498.0,194.0,558.0,99.0,120.0,207.0,140.0,123.0,70.0,32.0,162.0,104.0,38.0,58.0,54.0,60.0,226.0,645.0,141.0,143.0,207.0,172.0,154.0,70.0,47.0,203.0,127.0,43.0,64.0,54.0,64.0,1050.0,1398.0,0.5426,2014
"Census Tract 74.01, District of Columbia, District of Columbia",2453.0,952.0,15205.0,2029.0,2363.0,696.0,27.4,9501.0,5.0,2438.0,0.0,10.0,0.0,0.0,1489.0,0.0,1946.0,2010.0,410.0,279300.0,1156.0,394.0,476.0,0.0,2019.0,0.0,10.0,0.0,0.0,0.0,40.0,523.0,166.0,142.0,24.0,327.0,5.0,9.0,16.0,567.0,19.0,548.0,86.0,462.0,385.0,360.0,25.0,11,001,007401,337.0,514.0,203.0,49.0,45.0,399.0,1083.0,478.0,129.0,168.0,148.0,77.0,50.0,0.0,33.0,500.0,531.0,151.0,220.0,148.0,86.0,55.0,0.0,33.0,1410.0,444.0,506.0,106.0,567.0,86.0,122.0,193.0,177.0,178.0,118.0,39.0,189.0,82.0,33.0,36.0,56.0,47.0,138.0,651.0,124.0,142.0,193.0,210.0,209.0,118.0,54.0,232.0,104.0,40.0,41.0,56.0,51.0,1035.0,1418.0,0.5332,2015
"Census Tract 74.01, District of Columbia, District of Columbia",2314.0,908.0,14692.0,2033.0,2245.0,666.0,26.5,9915.0,0.0,2302.0,0.0,12.0,0.0,0.0,1461.0,0.0,1950.0,2010.0,448.0,272000.0,1264.0,327.0,440.0,0.0,2021.0,0.0,12.0,0.0,0.0,0.0,39.0,511.0,201.0,178.0,23.0,286.0,0.0,7.0,17.0,544.0,29.0,515.0,69.0,446.0,364.0,342.0,22.0,11,001,007401,301.0,473.0,243.0,42.0,53.0,402.0,1100.0,507.0,159.0,168.0,102.0,70.0,38.0,11.0,45.0,480.0,532.0,175.0,200.0,106.0,79.0,38.0,11.0,45.0,1403.0,363.0,477.0,126.0,550.0,102.0,143.0,190.0,165.0,169.0,83.0,61.0,154.0,70.0,83.0,31.0,45.0,61.0,126.0,618.0,129.0,155.0,190.0,178.0,195.0,83.0,76.0,178.0,76.0,85.0,36.0,55.0,65.0,1001.0,1313.0,0.5515,2016
"Census Tract 74.01, District of Columbia, District of Columbia",2262.0,869.0,14566.0,2024.0,2194.0,640.0,25.5,9647.0,49.0,2161.0,0.0,26.0,0.0,26.0,1462.0,0.0,1950.0,2011.0,399.0,255200.0,1285.0,333.0,406.0,44.0,1928.0,0.0,26.0,0.0,26.0,0.0,48.0,439.0,179.0,155.0,24.0,260.0,0.0,0.0,0.0,538.0,54.0,484.0,24.0,460.0,331.0,331.0,0.0,11,001,007401,312.0,396.0,277.0,48.0,38.0,469.0,995.0,405.0,167.0,176.0,90.0,63.0,49.0,13.0,32.0,542.0,421.0,169.0,201.0,94.0,72.0,49.0,18.0,32.0,1406.0,352.0,436.0,128.0,577.0,113.0,135.0,181.0,127.0,167.0,81.0,86.0,105.0,79.0,89.0,49.0,37.0,70.0,128.0,634.0,139.0,139.0,186.0,134.0,175.0,81.0,95.0,129.0,87.0,91.0,55.0,47.0,74.0,939.0,1323.0,0.5662,2017
"Census Tract 74.01, District of Columbia, District of Columbia",1876.0,751.0,13750.0,1711.0,1822.0,485.0,27.5,9761.0,65.0,1732.0,0.0,27.0,0.0,52.0,1314.0,0.0,1957.0,2011.0,437.0,247200.0,1165.0,201.0,345.0,61.0,1571.0,0.0,27.0,0.0,52.0,0.0,47.0,371.0,187.0,160.0,27.0,184.0,0.0,0.0,0.0,449.0,61.0,388.0,10.0,378.0,302.0,302.0,0.0,11,001,007401,254.0,378.0,249.0,22.0,51.0,413.0,862.0,417.0,126.0,116.0,71.0,28.0,58.0,13.0,33.0,434.0,427.0,126.0,130.0,76.0,28.0,58.0,17.0,33.0,1260.0,201.0,361.0,97.0,428.0,84.0,148.0,161.0,121.0,101.0,98.0,89.0,63.0,59.0,95.0,44.0,59.0,64.0,97.0,485.0,84.0,148.0,165.0,135.0,101.0,98.0,89.0,77.0,66.0,95.0,44.0,69.0,69.0,736.0,1140.0,0.5929,2018
"Census Tract 76.03, District of Columbia, District of Columbia",4425.0,2065.0,53708.99624432,3526.0,4404.0,191.0,41.7,34184.63593783,214.0,3941.0,12.0,68.0,0.0,175.0,552.0,15.0,1946,2000,881.0,240600.0,532.0,204.0,2790.0,214.0,3207.0,12.0,68.0,0.0,10.0,15.0,164.0,2072.0,1090.0,1027.0,63.0,902.0,0.0,0.0,80.0,1054.0,417.0,637.0,76.0,561.0,1011.0,946.0,65.0,11,001,007603,302.0,815.0,975.0,327.0,269.0,349.0,2663.0,524.0,226.0,217.0,311.0,346.0,426.0,202.0,411.0,411.0,612.0,236.0,261.0,486.0,431.0,491.0,252.0,473.0,552.0,204.0,3648.0,164.0,464.0,120.0,90.0,166.0,279.0,271.0,163.0,266.0,466.0,272.0,157.0,309.0,104.0,235.0,164.0,701.0,131.0,90.0,228.0,448.0,419.0,163.0,339.0,580.0,314.0,167.0,321.0,104.0,235.0,1913.0,2512.0,0.421,2010
"Census Tract 76.03, District of Columbia, District of Columbia",4122.0,2097.0,53400.19974774,3580.0,4122.0,193.0,45.8,35756.69082951,200.0,3821.0,0.0,39.0,0.0,0.0,652.0,62.0,1946.0,2001.0,901.0,254400.0,630.0,144.0,2806.0,200.0,3279.0,0.0,39.0,0.0,0.0,62.0,140.0,2021.0,1036.0,919.0,117.0,914.0,0.0,0.0,71.0,1021.0,334.0,687.0,51.0,636.0,1076.0,1053.0,23.0,11,001,007603,317.0,700.0,1112.0,367.0,277.0,396.0,2684.0,408.0,202.0,190.0,328.0,469.0,507.0,128.0,452.0,465.0,488.0,202.0,200.0,443.0,544.0,537.0,178.0,501.0,652.0,144.0,3326.0,102.0,518.0,108.0,79.0,158.0,340.0,228.0,133.0,244.0,684.0,184.0,98.0,352.0,87.0,265.0,102.0,582.0,108.0,79.0,227.0,395.0,292.0,172.0,318.0,813.0,219.0,98.0,365.0,87.0,265.0,1592.0,2530.0,0.3878,2011
"Census Tract 76.03, District of Columbia, District of Columbia",3606.0,2019.0,52553.70865222,3197.0,3606.0,269.0,48.8,39799.11769383,254.0,3186.0,0.0,70.0,0.0,0.0,456.0,96.0,1946.0,2001.0,884.0,238100.0,439.0,164.0,2594.0,240.0,2807.0,0.0,70.0,0.0,0.0,80.0,201.0,1986.0,966.0,741.0,225.0,1008.0,0.0,0.0,12.0,815.0,255.0,560.0,69.0,491.0,1204.0,1181.0,23.0,11,001,007603,330.0,701.0,884.0,405.0,302.0,199.0,2619.0,314.0,248.0,277.0,289.0,395.0,524.0,165.0,407.0,199.0,396.0,248.0,295.0,383.0,470.0,557.0,165.0,463.0,456.0,164.0,2986.0,88.0,315.0,104.0,68.0,98.0,307.0,198.0,118.0,197.0,657.0,179.0,107.0,351.0,96.0,314.0,88.0,366.0,104.0,68.0,98.0,384.0,245.0,196.0,279.0,674.0,207.0,122.0,365.0,96.0,314.0,1416.0,2190.0,0.4001,2012
"Census Tract 76.03, District of Columbia, District of Columbia",3362.0,1879.0,57981.40091903,3122.0,3362.0,309.0,49.4,42714.32937483,282.0,2982.0,0.0,41.0,0.0,0.0,537.0,57.0,1947.0,2002.0,955.0,274200.0,537.0,150.0,2435.0,267.0,2777.0,0.0,41.0,0.0,0.0,37.0,145.0,1816.0,922.0,689.0,233.0,872.0,5.0,0.0,17.0,713.0,272.0,441.0,65.0,376.0,1166.0,1102.0,64.0,11,001,007603,334.0,754.0,797.0,349.0,262.0,232.0,2523.0,328.0,281.0,205.0,282.0,398.0,401.0,171.0,457.0,232.0,328.0,281.0,226.0,320.0,413.0,503.0,171.0,521.0,537.0,150.0,2675.0,94.0,324.0,98.0,110.0,65.0,254.0,180.0,132.0,258.0,649.0,187.0,91.0,341.0,94.0,245.0,94.0,324.0,98.0,110.0,65.0,269.0,180.0,293.0,277.0,649.0,214.0,109.0,341.0,94.0,245.0,1307.0,2055.0,0.4029,2013
"Census Tract 76.03, District of Columbia, District of Columbia",3632.0,1960.0,53897.0,3366.0,3632.0,395.0,50.6,39248.0,345.0,3031.0,0.0,43.0,0.0,165.0,538.0,48.0,1949.0,2001.0,961.0,240000.0,538.0,137.0,2691.0,311.0,2819.0,0.0,43.0,0.0,165.0,28.0,374.0,1764.0,902.0,697.0,205.0,792.0,34.0,20.0,16.0,736.0,221.0,515.0,131.0,384.0,1224.0,1152.0,72.0,11,001,007603,305.0,899.0,854.0,503.0,264.0,635.0,2418.0,225.0,198.0,214.0,332.0,466.0,314.0,92.0,577.0,635.0,225.0,216.0,237.0,371.0,482.0,429.0,92.0,632.0,538.0,137.0,2957.0,67.0,321.0,40.0,113.0,122.0,242.0,201.0,195.0,214.0,715.0,256.0,70.0,288.0,127.0,395.0,67.0,321.0,40.0,113.0,122.0,258.0,201.0,387.0,235.0,715.0,256.0,89.0,288.0,145.0,395.0,1743.0,1889.0,0.4235,2014
"Census Tract 76.03, District of Columbia, District of Columbia",3950.0,2159.0,48847.0,3567.0,3891.0,507.0,46.6,37890.0,262.0,3346.0,0.0,67.0,0.0,194.0,819.0,81.0,1953.0,2004.0,953.0,234000.0,817.0,161.0,2589.0,200.0,3048.0,0.0,67.0,0.0,194.0,58.0,346.0,2022.0,1171.0,840.0,331.0,808.0,23.0,20.0,0.0,808.0,309.0,499.0,132.0,367.0,1351.0,1260.0,91.0,11,001,007603,432.0,993.0,685.0,474.0,334.0,702.0,2478.0,230.0,176.0,227.0,343.0,555.0,292.0,68.0,587.0,702.0,232.0,190.0,253.0,403.0,603.0,400.0,68.0,653.0,819.0,161.0,2911.0,77.0,431.0,26.0,115.0,121.0,336.0,156.0,251.0,223.0,681.0,296.0,65.0,249.0,237.0,303.0,77.0,431.0,26.0,115.0,121.0,356.0,186.0,474.0,240.0,681.0,296.0,85.0,249.0,251.0,303.0,1960.0,1990.0,0.4604,2015
"Census Tract 76.03, District of Columbia, District of Columbia",4034.0,2108.0,47770.0,3660.0,3938.0,623.0,44.0,33103.0,229.0,3526.0,0.0,34.0,0.0,202.0,1099.0,43.0,1953.0,2004.0,966.0,232300.0,1097.0,210.0,2353.0,172.0,3231.0,0.0,34.0,0.0,202.0,21.0,334.0,1687.0,1052.0,768.0,284.0,571.0,21.0,18.0,0.0,699.0,261.0,438.0,118.0,320.0,1409.0,1315.0,94.0,11,001,007603,488.0,1000.0,609.0,465.0,299.0,758.0,2309.0,209.0,213.0,298.0,323.0,402.0,254.0,79.0,531.0,758.0,211.0,230.0,325.0,396.0,443.0,254.0,173.0,531.0,1099.0,211.0,2628.0,126.0,586.0,0.0,87.0,95.0,285.0,250.0,317.0,221.0,497.0,351.0,83.0,201.0,218.0,343.0,150.0,586.0,0.0,87.0,111.0,305.0,273.0,460.0,235.0,497.0,351.0,104.0,201.0,235.0,343.0,1932.0,2102.0,0.4892,2016
"Census Tract 76.03, District of Columbia, District of Columbia",4283.0,2121.0,49435.0,3967.0,4190.0,580.0,44.1,34198.0,341.0,3680.0,0.0,41.0,0.0,197.0,1369.0,24.0,1952.0,2004.0,976.0,221400.0,1367.0,188.0,2412.0,274.0,3431.0,0.0,41.0,0.0,197.0,24.0,370.0,1604.0,955.0,795.0,160.0,540.0,47.0,22.0,20.0,694.0,229.0,465.0,123.0,342.0,1427.0,1311.0,116.0,11,001,007603,466.0,841.0,741.0,607.0,397.0,935.0,2432.0,229.0,309.0,234.0,269.0,405.0,256.0,99.0,631.0,935.0,231.0,331.0,234.0,311.0,451.0,256.0,182.0,631.0,1369.0,189.0,2632.0,213.0,601.0,0.0,101.0,113.0,313.0,225.0,427.0,173.0,406.0,365.0,91.0,269.0,260.0,410.0,241.0,601.0,0.0,101.0,130.0,315.0,271.0,510.0,198.0,406.0,365.0,91.0,269.0,282.0,410.0,1983.0,2300.0,0.496,2017
"Census Tract 76.03, District of Columbia, District of Columbia",4530.0,2244.0,47645.0,4244.0,4445.0,528.0,43.7,33957.0,333.0,3927.0,0.0,75.0,0.0,165.0,1556.0,30.0,1951.0,2005.0,968.0,221700.0,1520.0,142.0,2582.0,246.0,3728.0,0.0,75.0,0.0,165.0,30.0,348.0,1754.0,1058.0,857.0,201.0,618.0,8.0,18.0,24.0,700.0,213.0,487.0,188.0,299.0,1544.0,1433.0,111.0,11,001,007603,569.0,639.0,814.0,582.0,630.0,973.0,2563.0,297.0,235.0,268.0,270.0,304.0,354.0,108.0,727.0,973.0,333.0,261.0,268.0,314.0,367.0,354.0,108.0,727.0,1556.0,144.0,2745.0,299.0,618.0,0.0,93.0,156.0,421.0,272.0,305.0,210.0,472.0,381.0,149.0,150.0,285.0,433.0,331.0,618.0,0.0,94.0,175.0,422.0,335.0,305.0,235.0,506.0,381.0,149.0,150.0,311.0,433.0,2056.0,2474.0,0.4975,2018
"Census Tract 78.06, District of Columbia, District of Columbia",2141.0,807.0,45532.367333129994,1913.0,2114.0,204.0,38.7,20934.45899367,193.0,1884.0,0.0,0.0,0.0,0.0,486.0,64.0,1960,2001,740.0,255700.0,370.0,175.0,1368.0,147.0,1730.0,0.0,0.0,0.0,0.0,36.0,115.0,818.0,449.0,404.0,45.0,290.0,0.0,17.0,48.0,481.0,149.0,332.0,106.0,226.0,326.0,271.0,55.0,11,001,007806,124.0,592.0,452.0,121.0,17.0,170.0,1358.0,352.0,43.0,176.0,276.0,311.0,95.0,43.0,62.0,232.0,368.0,60.0,176.0,292.0,311.0,95.0,43.0,62.0,459.0,175.0,1450.0,43.0,459.0,29.0,76.0,135.0,86.0,104.0,243.0,72.0,186.0,109.0,174.0,51.0,80.0,66.0,55.0,551.0,29.0,101.0,135.0,86.0,119.0,243.0,89.0,202.0,109.0,198.0,51.0,80.0,66.0,902.0,1239.0,0.41,2010
"Census Tract 78.06, District of Columbia, District of Columbia",2341.0,869.0,45768.823391699996,2200.0,2324.0,251.0,38.1,24225.40906911,136.0,2183.0,0.0,0.0,0.0,0.0,469.0,22.0,1953.0,2002.0,849.0,239500.0,424.0,171.0,1605.0,136.0,2045.0,0.0,0.0,0.0,0.0,19.0,110.0,845.0,467.0,467.0,0.0,254.0,0.0,13.0,104.0,536.0,151.0,385.0,128.0,257.0,333.0,286.0,47.0,11,001,007806,104.0,692.0,414.0,176.0,19.0,304.0,1425.0,360.0,61.0,215.0,231.0,358.0,52.0,67.0,81.0,333.0,371.0,79.0,222.0,231.0,359.0,52.0,67.0,116.0,453.0,178.0,1693.0,94.0,558.0,26.0,117.0,123.0,117.0,83.0,266.0,60.0,231.0,137.0,157.0,67.0,49.0,115.0,95.0,589.0,26.0,127.0,160.0,117.0,93.0,266.0,71.0,242.0,143.0,157.0,67.0,49.0,122.0,1099.0,1242.0,0.4863,2011
"Census Tract 78.06, District of Columbia, District of Columbia",2213.0,864.0,42790.988644959994,2017.0,2189.0,234.0,40.7,26972.18629743,129.0,2039.0,10.0,0.0,0.0,0.0,484.0,35.0,1955.0,2002.0,831.0,250000.0,414.0,179.0,1424.0,129.0,1859.0,10.0,0.0,0.0,0.0,19.0,92.0,765.0,441.0,441.0,0.0,217.0,0.0,9.0,81.0,495.0,165.0,330.0,101.0,229.0,369.0,320.0,49.0,11,001,007806,126.0,656.0,355.0,208.0,7.0,329.0,1325.0,361.0,80.0,141.0,219.0,248.0,62.0,72.0,142.0,360.0,389.0,102.0,156.0,219.0,253.0,62.0,72.0,174.0,466.0,198.0,1525.0,72.0,447.0,52.0,94.0,113.0,72.0,57.0,212.0,84.0,226.0,128.0,217.0,55.0,72.0,116.0,78.0,493.0,52.0,99.0,147.0,72.0,70.0,212.0,101.0,254.0,140.0,217.0,55.0,72.0,127.0,1056.0,1157.0,0.5245,2012
"Census Tract 78.06, District of Columbia, District of Columbia",2127.0,848.0,40764.376672649996,1839.0,2095.0,232.0,40.9,22392.06483417,44.0,2041.0,11.0,0.0,0.0,0.0,479.0,31.0,1958.0,2003.0,880.0,237800.0,373.0,223.0,1236.0,44.0,1766.0,11.0,0.0,0.0,0.0,18.0,5.0,707.0,406.0,400.0,6.0,194.0,0.0,7.0,87.0,470.0,107.0,363.0,83.0,280.0,378.0,311.0,67.0,11,001,007806,139.0,649.0,270.0,118.0,6.0,344.0,1173.0,317.0,111.0,127.0,208.0,206.0,46.0,89.0,69.0,398.0,352.0,130.0,142.0,208.0,242.0,46.0,116.0,90.0,463.0,243.0,1382.0,105.0,409.0,58.0,85.0,93.0,72.0,55.0,155.0,68.0,156.0,155.0,188.0,44.0,79.0,117.0,109.0,466.0,58.0,109.0,118.0,72.0,67.0,203.0,91.0,181.0,167.0,194.0,44.0,79.0,137.0,1029.0,1098.0,0.4888,2013
"Census Tract 78.06, District of Columbia, District of Columbia",2116.0,865.0,34896.0,1763.0,2078.0,289.0,41.4,21293.0,58.0,2018.0,13.0,0.0,0.0,1.0,492.0,26.0,1958.0,2004.0,910.0,204400.0,383.0,256.0,1118.0,41.0,1694.0,13.0,0.0,0.0,0.0,15.0,5.0,764.0,391.0,375.0,16.0,328.0,0.0,8.0,33.0,462.0,101.0,361.0,91.0,270.0,403.0,366.0,37.0,11,001,007806,124.0,667.0,243.0,109.0,15.0,299.0,1172.0,331.0,134.0,126.0,226.0,141.0,71.0,76.0,67.0,321.0,407.0,176.0,138.0,255.0,185.0,85.0,86.0,93.0,467.0,290.0,1315.0,109.0,331.0,57.0,108.0,105.0,49.0,83.0,89.0,80.0,151.0,150.0,186.0,64.0,63.0,138.0,129.0,351.0,57.0,136.0,149.0,55.0,103.0,141.0,137.0,185.0,161.0,193.0,64.0,63.0,154.0,1021.0,1095.0,0.5033,2014
"Census Tract 78.06, District of Columbia, District of Columbia",2080.0,921.0,29638.0,1681.0,2037.0,330.0,37.7,20595.0,57.0,1991.0,13.0,0.0,0.0,3.0,547.0,16.0,1958.0,2005.0,911.0,215200.0,445.0,270.0,960.0,35.0,1627.0,13.0,0.0,0.0,0.0,6.0,6.0,737.0,366.0,343.0,23.0,316.0,0.0,8.0,41.0,426.0,104.0,322.0,79.0,243.0,495.0,458.0,37.0,11,001,007806,152.0,620.0,244.0,91.0,9.0,262.0,1113.0,287.0,175.0,127.0,196.0,121.0,78.0,65.0,64.0,291.0,346.0,201.0,162.0,227.0,172.0,83.0,74.0,88.0,534.0,377.0,1120.0,125.0,292.0,36.0,112.0,82.0,99.0,99.0,73.0,48.0,158.0,123.0,130.0,124.0,58.0,122.0,171.0,333.0,43.0,140.0,123.0,103.0,115.0,148.0,93.0,170.0,135.0,136.0,130.0,58.0,139.0,1002.0,1078.0,0.5036,2015
"Census Tract 78.06, District of Columbia, District of Columbia",2078.0,878.0,33125.0,1641.0,2018.0,379.0,41.6,19273.0,54.0,2013.0,9.0,0.0,0.0,2.0,609.0,0.0,1959.0,2007.0,909.0,256000.0,469.0,213.0,945.0,31.0,1601.0,9.0,0.0,0.0,0.0,0.0,0.0,748.0,368.0,321.0,47.0,364.0,0.0,10.0,0.0,414.0,103.0,311.0,45.0,266.0,464.0,398.0,66.0,11,001,007806,175.0,653.0,261.0,64.0,10.0,279.0,1112.0,298.0,151.0,166.0,173.0,111.0,97.0,23.0,93.0,311.0,378.0,176.0,196.0,209.0,178.0,104.0,29.0,100.0,581.0,325.0,1098.0,94.0,219.0,40.0,125.0,85.0,79.0,134.0,117.0,74.0,73.0,162.0,150.0,131.0,59.0,99.0,137.0,263.0,47.0,158.0,107.0,83.0,152.0,201.0,128.0,94.0,182.0,159.0,137.0,59.0,111.0,945.0,1133.0,0.4508,2016
"Census Tract 78.06, District of Columbia, District of Columbia",2169.0,910.0,37981.0,1781.0,2105.0,329.0,38.4,20728.0,62.0,2104.0,0.0,0.0,0.0,3.0,481.0,0.0,1959.0,2009.0,952.0,297800.0,367.0,188.0,1212.0,40.0,1741.0,0.0,0.0,0.0,0.0,0.0,0.0,764.0,429.0,370.0,59.0,318.0,0.0,0.0,17.0,441.0,167.0,274.0,29.0,245.0,469.0,410.0,59.0,11,001,007806,140.0,697.0,257.0,165.0,53.0,288.0,1222.0,242.0,112.0,292.0,162.0,137.0,154.0,25.0,98.0,322.0,294.0,112.0,334.0,196.0,190.0,167.0,32.0,102.0,453.0,282.0,1356.0,98.0,217.0,31.0,123.0,80.0,178.0,165.0,89.0,61.0,84.0,170.0,131.0,133.0,85.0,136.0,145.0,255.0,39.0,147.0,104.0,182.0,183.0,166.0,107.0,92.0,181.0,138.0,139.0,85.0,142.0,998.0,1171.0,0.4215,2017
"Census Tract 78.06, District of Columbia, District of Columbia",2447.0,1026.0,36894.0,2031.0,2379.0,376.0,38.0,24627.0,40.0,2370.0,33.0,0.0,0.0,4.0,474.0,0.0,1958.0,2010.0,972.0,348600.0,391.0,322.0,1307.0,14.0,1983.0,33.0,0.0,0.0,1.0,0.0,1.0,955.0,596.0,482.0,114.0,334.0,0.0,0.0,25.0,471.0,169.0,302.0,76.0,226.0,555.0,483.0,72.0,11,001,007806,160.0,738.0,343.0,226.0,86.0,317.0,1452.0,264.0,145.0,283.0,235.0,141.0,186.0,49.0,149.0,335.0,315.0,145.0,360.0,323.0,152.0,212.0,49.0,154.0,441.0,416.0,1511.0,94.0,223.0,32.0,129.0,147.0,215.0,196.0,98.0,88.0,117.0,150.0,157.0,160.0,93.0,132.0,145.0,244.0,43.0,145.0,224.0,220.0,218.0,160.0,143.0,126.0,163.0,157.0,166.0,93.0,132.0,1124.0,1323.0,0.4465,2018
"Census Tract 78.09, District of Columbia, District of Columbia",2711.0,1177.0,23871.264835269998,2308.0,2627.0,497.0,35.6,20233.7284822,27.0,2684.0,0.0,0.0,0.0,0.0,950.0,0.0,1947,2001,818.0,211300.0,886.0,611.0,811.0,0.0,2308.0,0.0,0.0,0.0,0.0,0.0,0.0,722.0,351.0,351.0,0.0,325.0,0.0,46.0,0.0,640.0,78.0,562.0,44.0,518.0,537.0,446.0,91.0,11,001,007809,366.0,584.0,353.0,54.0,75.0,239.0,1608.0,621.0,200.0,239.0,169.0,111.0,179.0,0.0,89.0,290.0,650.0,200.0,283.0,190.0,166.0,179.0,0.0,125.0,923.0,647.0,1057.0,94.0,528.0,31.0,223.0,115.0,41.0,151.0,222.0,184.0,227.0,133.0,113.0,75.0,92.0,79.0,125.0,623.0,47.0,223.0,125.0,90.0,167.0,222.0,272.0,227.0,133.0,127.0,75.0,92.0,79.0,1184.0,1527.0,0.536,2010
"Census Tract 78.09, District of Columbia, District of Columbia",2627.0,1095.0,23032.331695959998,2353.0,2587.0,427.0,36.8,18919.72380969,49.0,2578.0,0.0,0.0,0.0,0.0,994.0,0.0,1948.0,2001.0,851.0,211800.0,924.0,513.0,916.0,9.0,2344.0,0.0,0.0,0.0,0.0,0.0,7.0,743.0,344.0,344.0,0.0,348.0,0.0,51.0,0.0,548.0,36.0,512.0,39.0,473.0,547.0,455.0,92.0,11,001,007809,366.0,485.0,425.0,72.0,96.0,301.0,1661.0,515.0,293.0,299.0,132.0,144.0,165.0,22.0,91.0,345.0,563.0,293.0,299.0,144.0,208.0,165.0,22.0,91.0,994.0,513.0,1079.0,57.0,598.0,56.0,198.0,72.0,23.0,193.0,189.0,206.0,218.0,152.0,100.0,95.0,91.0,105.0,71.0,680.0,56.0,198.0,106.0,75.0,209.0,189.0,217.0,218.0,152.0,125.0,95.0,91.0,105.0,1089.0,1538.0,0.4964,2011
"Census Tract 78.09, District of Columbia, District of Columbia",2575.0,1140.0,35951.038274909995,2266.0,2520.0,387.0,37.6,19288.98395595,49.0,2499.0,9.0,0.0,0.0,0.0,763.0,18.0,1949.0,2001.0,916.0,195700.0,702.0,531.0,1033.0,10.0,2229.0,9.0,0.0,0.0,0.0,18.0,28.0,801.0,368.0,317.0,51.0,379.0,0.0,54.0,0.0,582.0,62.0,520.0,94.0,426.0,558.0,508.0,50.0,11,001,007809,357.0,496.0,425.0,77.0,122.0,247.0,1730.0,588.0,250.0,290.0,153.0,193.0,146.0,10.0,100.0,281.0,640.0,250.0,290.0,166.0,262.0,159.0,10.0,100.0,763.0,531.0,1224.0,81.0,462.0,93.0,153.0,57.0,91.0,161.0,206.0,114.0,189.0,200.0,116.0,126.0,98.0,119.0,97.0,552.0,93.0,153.0,95.0,148.0,175.0,206.0,129.0,189.0,200.0,140.0,126.0,98.0,119.0,1105.0,1470.0,0.4419,2012
"Census Tract 78.09, District of Columbia, District of Columbia",2708.0,1177.0,36768.37725362,2309.0,2650.0,376.0,37.4,21272.40760706,44.0,2615.0,11.0,10.0,0.0,0.0,814.0,28.0,1948.0,2002.0,951.0,191900.0,638.0,443.0,1228.0,19.0,2241.0,11.0,10.0,0.0,0.0,28.0,26.0,884.0,444.0,378.0,66.0,394.0,0.0,27.0,0.0,683.0,133.0,550.0,75.0,475.0,494.0,422.0,72.0,11,001,007809,347.0,589.0,441.0,107.0,128.0,179.0,1848.0,611.0,224.0,265.0,218.0,234.0,141.0,25.0,130.0,230.0,703.0,224.0,265.0,230.0,290.0,149.0,25.0,130.0,814.0,443.0,1381.0,63.0,465.0,50.0,119.0,91.0,141.0,152.0,142.0,135.0,236.0,205.0,139.0,207.0,94.0,70.0,63.0,625.0,50.0,119.0,122.0,237.0,167.0,142.0,153.0,236.0,217.0,148.0,207.0,94.0,70.0,1136.0,1572.0,0.4534,2013
"Census Tract 78.09, District of Columbia, District of Columbia",2664.0,1131.0,38819.0,2228.0,2584.0,315.0,36.9,21225.0,56.0,2503.0,11.0,15.0,0.0,0.0,674.0,79.0,1948.0,2001.0,1055.0,185500.0,474.0,315.0,1439.0,26.0,2097.0,11.0,15.0,0.0,0.0,79.0,53.0,974.0,575.0,498.0,77.0,367.0,0.0,8.0,0.0,618.0,137.0,481.0,97.0,384.0,513.0,446.0,67.0,11,001,007809,292.0,603.0,429.0,122.0,140.0,168.0,1732.0,479.0,172.0,296.0,221.0,249.0,76.0,81.0,158.0,217.0,573.0,172.0,296.0,235.0,268.0,120.0,93.0,159.0,657.0,315.0,1598.0,77.0,358.0,111.0,96.0,77.0,197.0,82.0,104.0,176.0,258.0,181.0,111.0,231.0,91.0,78.0,77.0,515.0,111.0,96.0,108.0,304.0,97.0,104.0,191.0,258.0,191.0,132.0,231.0,91.0,78.0,1115.0,1549.0,0.4194,2014
"Census Tract 78.09, District of Columbia, District of Columbia",2805.0,1175.0,39508.0,2476.0,2739.0,314.0,35.3,23366.0,67.0,2629.0,12.0,16.0,0.0,0.0,680.0,81.0,1947.0,2004.0,1022.0,205800.0,482.0,263.0,1731.0,32.0,2335.0,12.0,16.0,0.0,0.0,81.0,54.0,1208.0,713.0,606.0,107.0,463.0,0.0,9.0,0.0,656.0,163.0,493.0,105.0,388.0,519.0,416.0,103.0,11,001,007809,290.0,722.0,466.0,132.0,138.0,226.0,1866.0,460.0,142.0,335.0,261.0,244.0,151.0,104.0,169.0,237.0,558.0,143.0,335.0,277.0,254.0,161.0,140.0,170.0,662.0,263.0,1803.0,99.0,406.0,121.0,102.0,135.0,236.0,65.0,113.0,207.0,305.0,179.0,111.0,200.0,104.0,93.0,99.0,486.0,121.0,122.0,193.0,308.0,76.0,114.0,207.0,305.0,189.0,122.0,200.0,104.0,93.0,1162.0,1643.0,0.4232,2015
"Census Tract 78.09, District of Columbia, District of Columbia",3074.0,1241.0,40521.0,2802.0,3005.0,340.0,34.2,22149.0,14.0,2959.0,7.0,22.0,0.0,0.0,823.0,72.0,1948.0,2006.0,1077.0,206200.0,675.0,249.0,1878.0,14.0,2687.0,7.0,22.0,0.0,0.0,72.0,48.0,1424.0,883.0,746.0,137.0,509.0,0.0,10.0,0.0,749.0,172.0,577.0,169.0,408.0,492.0,404.0,88.0,11,001,007809,240.0,940.0,519.0,100.0,182.0,332.0,2040.0,493.0,103.0,415.0,371.0,214.0,220.0,99.0,125.0,345.0,557.0,104.0,415.0,371.0,224.0,239.0,130.0,126.0,805.0,249.0,1938.0,110.0,473.0,101.0,137.0,259.0,321.0,93.0,125.0,200.0,293.0,179.0,111.0,218.0,99.0,83.0,110.0,537.0,101.0,154.0,287.0,381.0,107.0,126.0,200.0,293.0,189.0,120.0,218.0,99.0,83.0,1440.0,1634.0,0.3985,2016
"Census Tract 78.09, District of Columbia, District of Columbia",3521.0,1247.0,47713.0,3146.0,3445.0,395.0,32.5,20148.0,16.0,3401.0,0.0,33.0,0.0,0.0,1044.0,71.0,1949.0,2007.0,1072.0,209300.0,833.0,157.0,2155.0,16.0,3042.0,0.0,33.0,0.0,0.0,55.0,49.0,1530.0,911.0,791.0,120.0,572.0,0.0,10.0,18.0,772.0,193.0,579.0,132.0,447.0,475.0,391.0,84.0,11,001,007809,300.0,939.0,531.0,128.0,200.0,407.0,2235.0,531.0,189.0,358.0,481.0,248.0,231.0,138.0,59.0,442.0,623.0,190.0,374.0,481.0,309.0,231.0,163.0,60.0,1003.0,157.0,2257.0,144.0,601.0,100.0,203.0,261.0,363.0,142.0,169.0,163.0,324.0,189.0,78.0,170.0,60.0,179.0,144.0,669.0,100.0,232.0,285.0,419.0,196.0,170.0,163.0,324.0,201.0,133.0,170.0,60.0,179.0,1627.0,1894.0,0.3643,2017
"Census Tract 78.09, District of Columbia, District of Columbia",3034.0,1147.0,51094.0,2841.0,2984.0,338.0,34.0,23375.0,0.0,2921.0,0.0,8.0,0.0,0.0,934.0,105.0,1950.0,2008.0,1064.0,233000.0,882.0,108.0,1850.0,0.0,2746.0,0.0,8.0,0.0,0.0,87.0,54.0,1433.0,844.0,771.0,73.0,538.0,0.0,12.0,26.0,665.0,127.0,538.0,103.0,435.0,482.0,411.0,71.0,11,001,007809,209.0,831.0,589.0,71.0,149.0,294.0,2048.0,485.0,171.0,311.0,373.0,139.0,362.0,132.0,75.0,295.0,542.0,172.0,329.0,373.0,167.0,363.0,160.0,84.0,915.0,108.0,1956.0,139.0,593.0,93.0,167.0,239.0,261.0,142.0,144.0,183.0,211.0,165.0,147.0,120.0,68.0,169.0,139.0,593.0,93.0,204.0,268.0,286.0,156.0,145.0,183.0,211.0,166.0,183.0,120.0,68.0,169.0,1347.0,1687.0,0.3971,2018
"Census Tract 95.01, District of Columbia, District of Columbia",6360.0,1847.0,43767.04470408,3463.0,6360.0,334.0,20.8,17247.25607122,2349.0,3377.0,0.0,84.0,0.0,483.0,796.0,67.0,1953,2004,1042.0,291300.0,575.0,636.0,1918.0,350.0,2609.0,0.0,25.0,0.0,451.0,28.0,466.0,2575.0,845.0,771.0,74.0,919.0,40.0,596.0,148.0,784.0,279.0,505.0,133.0,372.0,1063.0,958.0,105.0,11,001,009501,493.0,524.0,547.0,207.0,184.0,372.0,2257.0,608.0,276.0,375.0,272.0,219.0,297.0,106.0,104.0,569.0,2461.0,427.0,551.0,303.0,363.0,394.0,115.0,157.0,796.0,906.0,2332.0,161.0,842.0,214.0,291.0,127.0,264.0,222.0,191.0,146.0,306.0,293.0,108.0,98.0,47.0,153.0,268.0,1058.0,1601.0,824.0,375.0,370.0,328.0,238.0,176.0,315.0,323.0,125.0,147.0,59.0,153.0,3533.0,2827.0,0.445,2010
"Census Tract 95.01, District of Columbia, District of Columbia",6243.0,1796.0,43758.40703984,4409.0,6243.0,389.0,22.1,19078.4408901,1787.0,3813.0,27.0,150.0,0.0,422.0,1090.0,44.0,1951.0,2005.0,1072.0,293300.0,815.0,680.0,1904.0,779.0,3047.0,27.0,131.0,0.0,415.0,10.0,419.0,2398.0,758.0,648.0,110.0,1083.0,53.0,408.0,63.0,861.0,269.0,592.0,198.0,394.0,935.0,790.0,145.0,11,001,009501,475.0,705.0,572.0,266.0,152.0,785.0,2813.0,1003.0,291.0,521.0,199.0,242.0,236.0,116.0,205.0,960.0,1895.0,420.0,648.0,261.0,356.0,294.0,125.0,257.0,1090.0,980.0,2259.0,154.0,851.0,570.0,664.0,166.0,306.0,294.0,209.0,184.0,288.0,260.0,122.0,95.0,101.0,145.0,278.0,960.0,1173.0,994.0,472.0,416.0,383.0,264.0,220.0,288.0,266.0,124.0,150.0,110.0,145.0,3096.0,3147.0,0.4853,2011
"Census Tract 95.01, District of Columbia, District of Columbia",6426.0,1777.0,44008.8993028,4664.0,6383.0,376.0,23.0,18511.594174349997,1709.0,3763.0,24.0,128.0,0.0,738.0,1386.0,64.0,1952.0,2004.0,1076.0,295400.0,1079.0,563.0,2060.0,770.0,3121.0,13.0,93.0,0.0,643.0,24.0,684.0,2433.0,792.0,672.0,120.0,1109.0,50.0,388.0,65.0,906.0,329.0,577.0,136.0,441.0,871.0,715.0,156.0,11,001,009501,634.0,741.0,659.0,260.0,224.0,901.0,2933.0,1069.0,227.0,496.0,236.0,239.0,234.0,133.0,299.0,1131.0,1943.0,397.0,564.0,291.0,352.0,255.0,148.0,312.0,1354.0,818.0,2304.0,196.0,767.0,533.0,650.0,357.0,269.0,311.0,254.0,225.0,294.0,305.0,122.0,103.0,74.0,204.0,294.0,836.0,1208.0,1017.0,635.0,346.0,377.0,258.0,240.0,294.0,322.0,125.0,153.0,74.0,204.0,3135.0,3291.0,0.4922,2012
"Census Tract 95.01, District of Columbia, District of Columbia",7006.0,1746.0,48742.33930632,4814.0,6925.0,479.0,23.4,16654.49636275,1917.0,4147.0,18.0,105.0,0.0,753.0,1219.0,66.0,1953.0,2005.0,1056.0,306100.0,846.0,813.0,2170.0,892.0,3172.0,8.0,87.0,0.0,633.0,22.0,712.0,2695.0,1012.0,860.0,152.0,1187.0,59.0,319.0,92.0,1020.0,491.0,529.0,120.0,409.0,726.0,537.0,189.0,11,001,009501,530.0,875.0,681.0,238.0,305.0,946.0,3045.0,1053.0,298.0,531.0,269.0,231.0,230.0,77.0,356.0,1244.0,1933.0,499.0,646.0,345.0,393.0,257.0,85.0,372.0,1181.0,1101.0,2705.0,276.0,686.0,550.0,673.0,408.0,302.0,352.0,199.0,180.0,301.0,331.0,206.0,70.0,77.0,203.0,465.0,836.0,1263.0,1015.0,743.0,464.0,443.0,205.0,194.0,301.0,350.0,225.0,141.0,77.0,203.0,3376.0,3630.0,0.4135,2013
"Census Tract 95.01, District of Columbia, District of Columbia",6983.0,1763.0,43924.0,4994.0,6874.0,421.0,23.6,14906.0,1950.0,3780.0,15.0,162.0,0.0,839.0,1380.0,237.0,1954.0,2006.0,1122.0,305400.0,1001.0,972.0,1968.0,1003.0,2962.0,4.0,126.0,0.0,693.0,206.0,988.0,2681.0,1154.0,1010.0,144.0,987.0,90.0,388.0,62.0,983.0,447.0,536.0,145.0,391.0,780.0,587.0,193.0,11,001,009501,625.0,866.0,681.0,216.0,273.0,977.0,3069.0,1089.0,370.0,553.0,276.0,235.0,147.0,83.0,316.0,1247.0,1876.0,505.0,681.0,339.0,382.0,199.0,113.0,353.0,1323.0,1054.0,2559.0,431.0,622.0,548.0,732.0,482.0,388.0,244.0,121.0,194.0,311.0,320.0,230.0,94.0,90.0,187.0,523.0,781.0,1117.0,1140.0,817.0,500.0,305.0,142.0,232.0,332.0,330.0,272.0,106.0,90.0,187.0,3474.0,3509.0,0.4273,2014
"Census Tract 95.01, District of Columbia, District of Columbia",7088.0,1832.0,42115.0,5168.0,6977.0,474.0,23.3,15095.0,1923.0,3806.0,17.0,151.0,0.0,880.0,1177.0,311.0,1958.0,2007.0,1135.0,334200.0,858.0,1087.0,2222.0,1060.0,3010.0,6.0,89.0,0.0,731.0,272.0,1201.0,2825.0,1275.0,1110.0,165.0,951.0,54.0,463.0,82.0,1027.0,490.0,537.0,126.0,411.0,805.0,617.0,188.0,11,001,009501,611.0,906.0,715.0,292.0,299.0,756.0,3431.0,1275.0,371.0,594.0,285.0,300.0,191.0,69.0,346.0,1024.0,2168.0,531.0,672.0,341.0,410.0,245.0,69.0,370.0,1121.0,1161.0,2736.0,469.0,676.0,576.0,624.0,510.0,450.0,316.0,141.0,259.0,215.0,258.0,245.0,131.0,89.0,209.0,562.0,768.0,1194.0,1089.0,789.0,548.0,351.0,141.0,287.0,239.0,289.0,279.0,143.0,89.0,209.0,3509.0,3579.0,0.4289,2015
"Census Tract 95.01, District of Columbia, District of Columbia",7625.0,1908.0,45455.0,5091.0,7520.0,493.0,22.8,15737.0,2094.0,3790.0,25.0,240.0,0.0,1228.0,994.0,248.0,1959.0,2009.0,1144.0,348900.0,678.0,1100.0,2330.0,1068.0,2962.0,13.0,152.0,0.0,681.0,215.0,1140.0,3163.0,1363.0,1230.0,133.0,1045.0,97.0,551.0,81.0,1093.0,556.0,537.0,137.0,400.0,815.0,639.0,176.0,11,001,009501,581.0,842.0,658.0,318.0,395.0,693.0,3445.0,1283.0,371.0,535.0,276.0,299.0,238.0,109.0,334.0,1063.0,2277.0,525.0,688.0,389.0,474.0,311.0,122.0,376.0,945.0,1257.0,3210.0,448.0,649.0,548.0,652.0,459.0,405.0,344.0,192.0,284.0,251.0,243.0,192.0,171.0,49.0,204.0,662.0,825.0,1238.0,1294.0,819.0,552.0,392.0,192.0,329.0,276.0,275.0,229.0,184.0,49.0,204.0,3821.0,3804.0,0.441,2016
"Census Tract 95.01, District of Columbia, District of Columbia",7659.0,1908.0,48395.0,5048.0,7602.0,539.0,22.6,16900.0,2242.0,3668.0,15.0,268.0,5.0,1178.0,568.0,283.0,1956.0,2011.0,1152.0,361800.0,325.0,1188.0,2545.0,1156.0,2755.0,15.0,154.0,5.0,734.0,229.0,1260.0,3239.0,1367.0,1235.0,132.0,982.0,115.0,646.0,96.0,1054.0,549.0,505.0,133.0,372.0,854.0,700.0,154.0,11,001,009501,502.0,831.0,637.0,392.0,386.0,597.0,3510.0,1213.0,315.0,545.0,301.0,460.0,265.0,111.0,300.0,1000.0,2307.0,441.0,697.0,418.0,637.0,344.0,129.0,347.0,552.0,1454.0,3416.0,416.0,722.0,561.0,601.0,358.0,483.0,340.0,166.0,340.0,181.0,250.0,189.0,176.0,102.0,163.0,626.0,920.0,1284.0,1222.0,743.0,639.0,426.0,166.0,397.0,202.0,271.0,227.0,185.0,112.0,182.0,3831.0,3828.0,0.4255,2017
"Census Tract 95.01, District of Columbia, District of Columbia",7277.0,1875.0,44443.0,4822.0,7274.0,537.0,22.4,17804.0,2082.0,3354.0,11.0,246.0,5.0,1204.0,648.0,375.0,1957.0,2011.0,1199.0,376100.0,386.0,1031.0,2437.0,1059.0,2570.0,11.0,112.0,5.0,740.0,325.0,1359.0,3033.0,1276.0,1131.0,145.0,909.0,113.0,584.0,97.0,963.0,415.0,548.0,181.0,367.0,912.0,775.0,137.0,11,001,009501,517.0,708.0,647.0,346.0,372.0,468.0,3369.0,1156.0,235.0,517.0,304.0,426.0,269.0,81.0,381.0,927.0,2222.0,335.0,692.0,454.0,544.0,330.0,90.0,442.0,648.0,1367.0,3086.0,420.0,685.0,523.0,604.0,312.0,538.0,263.0,177.0,343.0,222.0,191.0,129.0,174.0,96.0,145.0,590.0,849.0,1247.0,1275.0,636.0,655.0,349.0,177.0,417.0,241.0,237.0,153.0,174.0,107.0,167.0,3650.0,3627.0,0.4565,2018
"Census Tract 96.01, District of Columbia, District of Columbia",2927.0,854.0,44191.36995987,2278.0,2900.0,386.0,17.9,17151.162056549998,0.0,2915.0,0.0,0.0,0.0,0.0,1336.0,12.0,1956,2001,550.0,321200.0,970.0,97.0,1211.0,0.0,2266.0,0.0,0.0,0.0,0.0,12.0,0.0,775.0,557.0,408.0,149.0,148.0,0.0,5.0,65.0,722.0,148.0,574.0,49.0,525.0,132.0,124.0,8.0,11,001,009601,290.0,218.0,271.0,209.0,124.0,111.0,1285.0,513.0,73.0,179.0,65.0,159.0,115.0,48.0,133.0,192.0,607.0,108.0,184.0,116.0,205.0,115.0,48.0,133.0,1309.0,324.0,1267.0,153.0,942.0,9.0,62.0,112.0,80.0,8.0,173.0,195.0,152.0,129.0,105.0,37.0,66.0,55.0,153.0,1289.0,34.0,62.0,158.0,126.0,77.0,205.0,195.0,152.0,176.0,115.0,37.0,66.0,55.0,956.0,1971.0,0.559,2010
"Census Tract 96.01, District of Columbia, District of Columbia",2874.0,840.0,48586.86135,2267.0,2874.0,358.0,17.7,17558.211983859997,0.0,2861.0,0.0,0.0,0.0,0.0,1182.0,13.0,1955.0,2002.0,546.0,253600.0,853.0,84.0,1320.0,0.0,2254.0,0.0,0.0,0.0,0.0,13.0,0.0,727.0,432.0,282.0,150.0,231.0,0.0,3.0,61.0,648.0,112.0,536.0,18.0,518.0,192.0,178.0,14.0,11,001,009601,327.0,200.0,311.0,203.0,72.0,132.0,1207.0,382.0,85.0,191.0,97.0,189.0,51.0,136.0,76.0,208.0,457.0,110.0,219.0,132.0,233.0,62.0,136.0,87.0,1182.0,257.0,1425.0,154.0,960.0,6.0,34.0,117.0,105.0,7.0,194.0,193.0,102.0,150.0,73.0,49.0,48.0,75.0,154.0,1301.0,6.0,62.0,161.0,140.0,80.0,218.0,193.0,109.0,205.0,73.0,49.0,48.0,75.0,897.0,1977.0,0.5027,2011
"Census Tract 96.01, District of Columbia, District of Columbia",2715.0,773.0,38603.88090462,2443.0,2715.0,338.0,26.0,19192.88994128,1.0,2678.0,0.0,0.0,0.0,0.0,1159.0,36.0,1956.0,2001.0,429.0,320500.0,999.0,269.0,1163.0,1.0,2406.0,0.0,0.0,0.0,0.0,36.0,0.0,648.0,316.0,191.0,125.0,293.0,0.0,3.0,35.0,592.0,199.0,393.0,16.0,377.0,181.0,159.0,22.0,11,001,009601,412.0,236.0,367.0,205.0,66.0,413.0,1237.0,441.0,66.0,247.0,62.0,182.0,91.0,74.0,74.0,451.0,480.0,66.0,268.0,62.0,203.0,113.0,74.0,98.0,1159.0,269.0,1275.0,93.0,952.0,18.0,94.0,158.0,88.0,35.0,332.0,194.0,43.0,144.0,63.0,81.0,29.0,119.0,93.0,1083.0,18.0,115.0,179.0,88.0,69.0,332.0,194.0,49.0,199.0,65.0,83.0,29.0,119.0,1010.0,1705.0,0.5622,2012
"Census Tract 96.01, District of Columbia, District of Columbia",2521.0,784.0,28741.827758599997,2089.0,2521.0,358.0,23.8,18290.254028199997,2.0,2480.0,0.0,0.0,0.0,7.0,1082.0,32.0,1954.0,2003.0,479.0,302300.0,759.0,260.0,1062.0,2.0,2048.0,0.0,0.0,0.0,7.0,32.0,7.0,614.0,256.0,241.0,15.0,337.0,0.0,0.0,20.0,558.0,141.0,417.0,54.0,363.0,226.0,209.0,17.0,11,001,009601,297.0,276.0,248.0,165.0,77.0,405.0,1083.0,341.0,87.0,266.0,45.0,134.0,134.0,10.0,66.0,452.0,497.0,87.0,278.0,66.0,134.0,158.0,10.0,91.0,1082.0,260.0,1171.0,73.0,676.0,40.0,237.0,82.0,71.0,81.0,265.0,160.0,65.0,32.0,80.0,104.0,14.0,109.0,107.0,845.0,68.0,292.0,82.0,71.0,108.0,265.0,187.0,76.0,94.0,97.0,106.0,14.0,109.0,897.0,1624.0,0.5533,2013
"Census Tract 96.01, District of Columbia, District of Columbia",2182.0,768.0,26607.0,2023.0,2182.0,309.0,36.8,19729.0,4.0,2120.0,0.0,0.0,0.0,9.0,928.0,49.0,1953.0,2002.0,547.0,271800.0,847.0,154.0,1007.0,4.0,1961.0,0.0,0.0,0.0,9.0,49.0,10.0,522.0,192.0,187.0,5.0,276.0,0.0,24.0,29.0,479.0,107.0,372.0,81.0,291.0,289.0,263.0,26.0,11,001,009601,313.0,336.0,314.0,139.0,77.0,395.0,1248.0,504.0,114.0,210.0,59.0,124.0,118.0,54.0,65.0,437.0,543.0,114.0,218.0,78.0,124.0,134.0,54.0,82.0,928.0,154.0,1085.0,59.0,487.0,63.0,235.0,91.0,57.0,79.0,232.0,147.0,132.0,54.0,131.0,70.0,51.0,135.0,69.0,521.0,71.0,263.0,91.0,57.0,79.0,232.0,155.0,139.0,104.0,144.0,71.0,51.0,135.0,826.0,1356.0,0.5521,2014
"Census Tract 96.01, District of Columbia, District of Columbia",2211.0,784.0,32794.0,2073.0,2202.0,316.0,34.9,16009.0,6.0,2168.0,0.0,0.0,0.0,9.0,953.0,28.0,1952.0,2003.0,676.0,300500.0,910.0,195.0,957.0,5.0,2031.0,0.0,0.0,0.0,9.0,28.0,11.0,593.0,331.0,326.0,5.0,212.0,0.0,30.0,19.0,528.0,106.0,422.0,92.0,330.0,256.0,244.0,12.0,11,001,009601,281.0,447.0,329.0,105.0,93.0,341.0,1304.0,524.0,135.0,229.0,81.0,122.0,84.0,50.0,79.0,391.0,544.0,135.0,235.0,99.0,122.0,99.0,50.0,93.0,944.0,195.0,1051.0,79.0,494.0,62.0,183.0,120.0,91.0,120.0,181.0,128.0,151.0,103.0,94.0,76.0,65.0,126.0,82.0,518.0,65.0,228.0,120.0,91.0,120.0,181.0,131.0,159.0,132.0,106.0,78.0,65.0,126.0,850.0,1361.0,0.4473,2015
"Census Tract 96.01, District of Columbia, District of Columbia",2383.0,850.0,30893.0,2261.0,2373.0,371.0,34.3,16533.0,23.0,2316.0,0.0,0.0,0.0,17.0,1007.0,27.0,1953.0,2004.0,622.0,312900.0,959.0,227.0,1052.0,22.0,2203.0,0.0,0.0,0.0,9.0,27.0,10.0,690.0,346.0,340.0,6.0,263.0,0.0,30.0,35.0,566.0,110.0,456.0,87.0,369.0,284.0,252.0,32.0,11,001,009601,257.0,493.0,417.0,133.0,74.0,339.0,1480.0,611.0,121.0,230.0,197.0,99.0,57.0,57.0,108.0,368.0,658.0,121.0,238.0,197.0,99.0,70.0,57.0,114.0,997.0,227.0,1124.0,78.0,535.0,66.0,208.0,132.0,151.0,161.0,149.0,107.0,157.0,174.0,95.0,73.0,77.0,98.0,83.0,546.0,71.0,240.0,132.0,165.0,161.0,149.0,112.0,157.0,174.0,127.0,76.0,82.0,98.0,943.0,1440.0,0.4513,2016
"Census Tract 96.01, District of Columbia, District of Columbia",2567.0,905.0,29428.0,2394.0,2550.0,388.0,31.8,17276.0,46.0,2497.0,0.0,0.0,0.0,19.0,1040.0,5.0,1953.0,2005.0,698.0,313600.0,966.0,280.0,1121.0,44.0,2335.0,0.0,0.0,0.0,10.0,5.0,12.0,776.0,413.0,379.0,34.0,278.0,8.0,25.0,39.0,587.0,69.0,518.0,93.0,425.0,318.0,281.0,37.0,11,001,009601,282.0,532.0,367.0,171.0,73.0,318.0,1573.0,579.0,194.0,242.0,174.0,109.0,89.0,77.0,109.0,342.0,635.0,194.0,254.0,179.0,109.0,103.0,85.0,114.0,1023.0,280.0,1217.0,138.0,531.0,76.0,224.0,135.0,193.0,168.0,82.0,102.0,192.0,195.0,122.0,64.0,66.0,106.0,156.0,557.0,85.0,256.0,139.0,207.0,168.0,87.0,111.0,192.0,195.0,156.0,64.0,71.0,106.0,1005.0,1562.0,0.4714,2017
"Census Tract 96.01, District of Columbia, District of Columbia",2511.0,886.0,30948.0,2348.0,2490.0,363.0,33.5,20303.0,71.0,2421.0,0.0,0.0,0.0,13.0,898.0,6.0,1956.0,2007.0,700.0,345500.0,877.0,424.0,1018.0,63.0,2285.0,0.0,0.0,0.0,0.0,0.0,2.0,794.0,417.0,369.0,48.0,262.0,7.0,33.0,46.0,569.0,61.0,508.0,54.0,454.0,317.0,278.0,39.0,11,001,009601,294.0,587.0,370.0,180.0,63.0,318.0,1599.0,650.0,196.0,186.0,189.0,104.0,80.0,56.0,138.0,345.0,669.0,196.0,192.0,196.0,104.0,97.0,70.0,173.0,877.0,424.0,1156.0,120.0,451.0,126.0,157.0,177.0,243.0,170.0,87.0,97.0,158.0,202.0,126.0,45.0,78.0,111.0,130.0,462.0,126.0,181.0,183.0,273.0,170.0,102.0,97.0,158.0,202.0,167.0,45.0,83.0,111.0,957.0,1554.0,0.5244,2018
